promo_period,total_revenue,transactions,days,daily_revenue,sales_lift_pct
Black Friday,258429.74,2645,9,28714.415555555555,33.16870852024465
Christmas Sale,566917.25,5568,21,26996.059523809523,25.199496920487107
Easter Sale,407574.48,3956,15,27171.631999999998,26.013748558684323
Independence Day,194360.0,1901,7,27765.714285714286,28.768921151010353
